"","speaker.id","speaker.sex","pitch"
"1",1,"F",263.4
"2",2,"F",303.2
"3",3,"F",200.6
"4",4,"F",231.2
"5",5,"F",297.4
"6",6,"F",285.7
"7",7,"F",282.9
"8",8,"F",198.4
"9",9,"F",286.1
"10",10,"F",292.3
"11",11,"F",189.9
"12",12,"F",226
"13",13,"F",225.2
"14",14,"F",222.5
"15",15,"F",183.3
"16",16,"F",269.5
"17",17,"F",202.5
"18",18,"F",286
"19",19,"F",251.7
"20",20,"F",298.3
"21",21,"F",201.4
"22",22,"F",187.3
"23",23,"F",205.6
"24",24,"F",203.7
"25",25,"F",272.9
"26",26,"F",269.3
"27",27,"F",212
"28",28,"F",271.8
"29",29,"F",249.7
"30",30,"F",184
"31",31,"F",264.9
"32",32,"F",287
"33",33,"F",216
"34",34,"F",292.1
"35",35,"F",181.3
"36",36,"F",236.6
"37",37,"F",276.9
"38",38,"F",308.4
"39",39,"F",220.5
"40",40,"F",273.2
"41",41,"F",274.2
"42",42,"F",210.2
"43",43,"F",268
"44",44,"F",278.2
"45",45,"F",266.1
"46",46,"F",286.6
"47",47,"F",290.2
"48",48,"F",208.6
"49",49,"F",204
"50",50,"F",245.7
"51",51,"F",234.4
"52",52,"F",227.6
"53",53,"F",234.8
"54",54,"F",233.2
"55",55,"F",201.4
"56",56,"F",222.4
"57",57,"F",278.9
"58",58,"F",253.2
"59",59,"F",271.6
"60",60,"F",249
"61",61,"F",295
"62",62,"F",236.2
"63",63,"F",207.7
"64",64,"F",232.5
"65",65,"F",200.1
"66",66,"F",285.3
"67",67,"F",188.6
"68",68,"F",227.2
"69",69,"F",274.8
"70",70,"F",266
"71",71,"F",184.7
"72",72,"F",229.7
"73",73,"F",233.2
"74",74,"F",239.8
"75",75,"F",274.7
"76",76,"F",284.7
"77",77,"F",297.8
"78",78,"F",250.7
"79",79,"F",228
"80",80,"F",233.6
"81",81,"F",293.1
"82",82,"F",278
"83",83,"F",189.6
"84",84,"F",266.4
"85",85,"F",275.3
"86",86,"F",233.1
"87",87,"F",286.6
"88",88,"F",182.1
"89",89,"F",298.1
"90",90,"F",203.1
"91",91,"F",259.8
"92",92,"F",221.2
"93",93,"F",189.9
"94",94,"F",202.2
"95",95,"F",189.6
"96",96,"F",280.7
"97",97,"F",250.3
"98",98,"F",223.7
"99",99,"F",254
"100",100,"F",253.4
"101",101,"F",230
"102",102,"F",230.7
"103",103,"F",224.6
"104",104,"F",257.9
"105",105,"F",250.8
"106",106,"F",271.8
"107",107,"F",260.3
"108",108,"F",209.4
"109",109,"F",249.8
"110",110,"F",303.6
"111",111,"F",242.5
"112",112,"F",240.7
"113",113,"F",222.9
"114",114,"F",298.5
"115",115,"F",277.5
"116",116,"F",242.3
"117",117,"F",186.7
"118",118,"F",272.2
"119",119,"F",200.1
"120",120,"F",269.6
"121",121,"F",278.8
"122",122,"F",213.3
"123",123,"F",279.6
"124",124,"F",298.6
"125",125,"F",201.6
"126",126,"F",276.1
"127",127,"F",227.2
"128",128,"F",230.1
"129",129,"F",251.4
"130",130,"F",232.4
"131",131,"F",223.2
"132",132,"F",180.3
"133",133,"F",301.6
"134",134,"F",200.1
"135",135,"F",264.9
"136",136,"F",289.4
"137",137,"F",299.7
"138",138,"F",264.1
"139",139,"F",275.2
"140",140,"F",232.2
"141",141,"F",269.4
"142",142,"F",238.3
"143",143,"F",268.2
"144",144,"F",187.3
"145",145,"F",298.2
"146",146,"F",284
"147",147,"F",190.5
"148",148,"F",264.1
"149",149,"F",278.7
"150",150,"F",292.5
"151",151,"F",217.7
"152",152,"F",201
"153",153,"F",267.4
"154",154,"F",287.4
"155",155,"F",222.4
"156",156,"F",293.4
"157",157,"F",261.4
"158",158,"F",261.9
"159",159,"F",221.9
"160",160,"F",297.4
"161",161,"F",215
"162",162,"F",277.1
"163",163,"F",238.9
"164",164,"F",223.1
"165",165,"F",191.9
"166",166,"F",267.8
"167",167,"F",294.7
"168",168,"F",261.3
"169",169,"F",181.4
"170",170,"F",245.5
"171",171,"F",185.7
"172",172,"F",259.5
"173",173,"F",237.4
"174",174,"F",279.9
"175",175,"F",246.2
"176",176,"F",261.6
"177",177,"F",264.5
"178",178,"F",254.9
"179",179,"F",299.8
"180",180,"F",283.1
"181",181,"F",276.6
"182",182,"F",290.2
"183",183,"F",263.3
"184",184,"F",228.1
"185",185,"F",281.5
"186",186,"F",226.2
"187",187,"F",227
"188",188,"F",210
"189",189,"F",277
"190",190,"F",238.1
"191",191,"F",301.4
"192",192,"F",239
"193",193,"F",250.3
"194",194,"F",179.8
"195",195,"F",206.2
"196",196,"F",237.6
"197",197,"F",310.4
"198",198,"F",249.1
"199",199,"F",299
"200",200,"F",272.2
"201",201,"F",245.7
"202",202,"F",297.9
"203",203,"F",243.8
"204",204,"F",231.3
"205",205,"F",248.2
"206",206,"F",239.8
"207",207,"F",260.3
"208",208,"F",227.1
"209",209,"F",248.7
"210",210,"F",249.7
"211",211,"F",270.8
"212",212,"F",272
"213",213,"F",194.5
"214",214,"F",277.6
"215",215,"F",254.4
"216",216,"F",309.9
"217",217,"F",225.7
"218",218,"F",294
"219",219,"F",242.4
"220",220,"F",262.7
"221",221,"F",249
"222",222,"F",305.3
"223",223,"F",243.8
"224",224,"F",275.9
"225",225,"F",214.2
"226",226,"F",298.5
"227",227,"F",227.1
"228",228,"F",296.1
"229",229,"F",270.5
"230",230,"F",278.5
"231",231,"F",283.1
"232",232,"F",253.1
"233",233,"F",245.7
"234",234,"F",267.7
"235",235,"F",230.5
"236",236,"F",200.3
"237",237,"F",212.6
"238",238,"F",308
"239",239,"F",276.6
"240",240,"F",199.8
"241",241,"F",224.4
"242",242,"F",240.9
"243",243,"F",216.8
"244",244,"F",266.2
"245",245,"F",238.3
"246",246,"F",239.7
"247",247,"F",207.4
"248",248,"F",212.7
"249",249,"F",254.6
"250",250,"F",271
"251",251,"F",208.7
"252",252,"F",213.3
"253",253,"F",305.7
"254",254,"F",250.5
"255",255,"F",286
"256",256,"F",224.9
"257",257,"F",240
"258",258,"F",258.2
"259",259,"F",292.2
"260",260,"F",241.3
"261",261,"F",213.5
"262",262,"F",201.9
"263",263,"F",236.2
"264",264,"F",182.1
"265",265,"F",296
"266",266,"F",193.6
"267",267,"F",255.2
"268",268,"F",234.4
"269",269,"F",183.3
"270",270,"F",261.1
"271",271,"F",254.1
"272",272,"F",216.9
"273",273,"F",255.9
"274",274,"F",295.2
"275",275,"F",259.4
"276",276,"F",239
"277",277,"F",244.4
"278",278,"F",209.9
"279",279,"F",277.9
"280",280,"F",215.2
"281",281,"F",261.8
"282",282,"F",244.8
"283",283,"F",240.1
"284",284,"F",273.5
"285",285,"F",270.6
"286",286,"F",297.9
"287",287,"F",190.2
"288",288,"F",274
"289",289,"F",287.4
"290",290,"F",242.6
"291",291,"F",233.7
"292",292,"F",236.7
"293",293,"F",251.8
"294",294,"F",270
"295",295,"F",297.1
"296",296,"F",218.2
"297",297,"F",243.5
"298",298,"F",228.9
"299",299,"F",293.5
"300",300,"F",218.9
"301",301,"F",236.7
"302",302,"F",287.1
"303",303,"F",217.7
"304",304,"F",209.6
"305",305,"F",293.3
"306",306,"F",279
"307",307,"F",213.4
"308",308,"F",296.3
"309",309,"F",278.6
"310",310,"F",258.8
"311",311,"F",186.7
"312",312,"F",220.4
"313",313,"F",213.9
"314",314,"F",287.4
"315",315,"F",231.3
"316",316,"F",252.5
"317",317,"F",263.4
"318",318,"F",235.1
"319",319,"F",241.6
"320",320,"F",192.3
"321",321,"F",241.4
"322",322,"F",228.6
"323",323,"F",242.9
"324",324,"F",234.6
"325",325,"F",243.3
"326",326,"F",208.1
"327",327,"F",257.7
"328",328,"F",211
"329",329,"F",264.9
"330",330,"F",281.6
"331",331,"F",224.6
"332",332,"F",228.1
"333",333,"F",276.9
"334",334,"F",277.7
"335",335,"F",228.8
"336",336,"F",220.3
"337",337,"F",286.5
"338",338,"F",182.4
"339",339,"F",262.9
"340",340,"F",303.9
"341",341,"F",189.9
"342",342,"F",248.4
"343",343,"F",212.6
"344",344,"F",289.8
"345",345,"F",210.1
"346",346,"F",251.6
"347",347,"F",282.2
"348",348,"F",276.6
"349",349,"F",190.1
"350",350,"F",227.1
"351",351,"F",299.8
"352",352,"F",229.1
"353",353,"F",303
"354",354,"F",276.7
"355",355,"F",257.1
"356",356,"F",235.6
"357",357,"F",195.5
"358",358,"F",271.6
"359",359,"F",284.9
"360",360,"F",287.3
"361",361,"F",198.4
"362",362,"F",215.8
"363",363,"F",179.5
"364",364,"F",291.5
"365",365,"F",221.8
"366",366,"F",303.9
"367",367,"F",225.4
"368",368,"F",229.8
"369",369,"F",205.4
"370",370,"F",240.5
"371",371,"F",201.1
"372",372,"F",199.8
"373",373,"F",203.9
"374",374,"F",260.2
"375",375,"F",237.4
"376",376,"F",293.2
"377",377,"F",277
"378",378,"F",243
"379",379,"F",258.9
"380",380,"F",202.8
"381",381,"F",218.1
"382",382,"F",261.6
"383",383,"F",244.2
"384",384,"F",295.3
"385",385,"F",248.5
"386",386,"F",238.7
"387",387,"F",217.5
"388",388,"F",201.2
"389",389,"F",236.4
"390",390,"F",276.2
"391",391,"F",308.3
"392",392,"F",285.9
"393",393,"F",306.5
"394",394,"F",303.8
"395",395,"F",179.8
"396",396,"F",268.7
"397",397,"F",252.9
"398",398,"F",305.3
"399",399,"F",204.5
"400",400,"F",264.2
"401",401,"F",309.5
"402",402,"F",281.7
"403",403,"F",255.7
"404",404,"F",179.8
"405",405,"F",224
"406",406,"F",190.2
"407",407,"F",300.8
"408",408,"F",204.2
"409",409,"F",254.6
"410",410,"F",276.7
"411",411,"F",201.2
"412",412,"F",299.1
"413",413,"F",300.6
"414",414,"F",297.1
"415",415,"F",299.4
"416",416,"F",219.9
"417",417,"F",292
"418",418,"F",228.4
"419",419,"F",215.9
"420",420,"F",201.3
"421",421,"F",275.9
"422",422,"F",183.6
"423",423,"F",279.2
"424",424,"F",201.8
"425",425,"F",253.1
"426",426,"F",209.3
"427",427,"F",287.6
"428",428,"F",280.6
"429",429,"F",227.6
"430",430,"F",266.9
"431",431,"F",208.6
"432",432,"F",280.4
"433",433,"F",290.4
"434",434,"F",263.2
"435",435,"F",236.2
"436",436,"F",304.9
"437",437,"F",238.9
"438",438,"F",261.4
"439",439,"F",242.6
"440",440,"F",266.5
"441",441,"F",180
"442",442,"F",264
"443",443,"F",231.7
"444",444,"F",189.8
"445",445,"F",271.5
"446",446,"F",298.6
"447",447,"F",293.7
"448",448,"F",195.3
"449",449,"F",268.4
"450",450,"F",304
"451",451,"F",285.6
"452",452,"F",228
"453",453,"F",263.2
"454",454,"F",276.3
"455",455,"F",234
"456",456,"F",196.3
"457",457,"F",179.5
"458",458,"F",224
"459",459,"F",197.1
"460",460,"F",283.7
"461",461,"F",293.2
"462",462,"F",223.7
"463",463,"F",288.4
"464",464,"F",255
"465",465,"F",250.2
"466",466,"F",285.8
"467",467,"F",180.5
"468",468,"F",295.4
"469",469,"F",237.5
"470",470,"F",251.3
"471",471,"F",272
"472",472,"F",248.7
"473",473,"F",291.6
"474",474,"F",291.8
"475",475,"F",248.9
"476",476,"F",268.3
"477",477,"F",187.1
"478",478,"F",256.3
"479",479,"F",296.7
"480",480,"F",221.5
"481",481,"F",245.3
"482",482,"F",224.2
"483",483,"F",193.7
"484",484,"F",269.3
"485",485,"F",199.1
"486",486,"F",269.7
"487",487,"F",268.8
"488",488,"F",266
"489",489,"F",260.6
"490",490,"F",225.3
"491",491,"F",224.6
"492",492,"F",265.4
"493",493,"F",198
"494",494,"F",255.8
"495",495,"F",260.2
"496",496,"F",249.9
"497",497,"F",285.8
"498",498,"F",243.5
"499",499,"F",190.6
"500",500,"F",217.7
"501",501,"F",290.1
"502",502,"F",187.5
"503",503,"F",197.9
"504",504,"F",193.4
"505",505,"F",225.7
"506",506,"F",212
"507",507,"F",187.1
"508",508,"F",240.3
"509",509,"F",229.6
"510",510,"F",219.9
"511",511,"F",198.1
"512",512,"F",236.5
"513",513,"F",185.4
"514",514,"F",309.3
"515",515,"F",269.1
"516",516,"F",210.2
"517",517,"F",240.2
"518",518,"F",188.3
"519",519,"F",251
"520",520,"F",293
"521",521,"F",195.1
"522",522,"F",189.1
"523",523,"F",299.6
"524",524,"F",238.5
"525",525,"F",288.3
"526",526,"F",262.2
"527",527,"F",282.8
"528",528,"F",292.9
"529",529,"F",291.8
"530",530,"F",273.9
"531",531,"F",292.6
"532",532,"F",221.3
"533",533,"F",233.5
"534",534,"F",262.9
"535",535,"F",220.9
"536",536,"F",210.3
"537",537,"F",262.3
"538",538,"F",247.3
"539",539,"F",246.6
"540",540,"F",224.8
"541",541,"F",217.3
"542",542,"F",266.6
"543",543,"F",309.2
"544",544,"F",278.3
"545",545,"F",220.7
"546",546,"F",242.4
"547",547,"F",200.8
"548",548,"F",255.6
"549",549,"F",227.8
"550",550,"F",240.2
"551",551,"F",229
"552",552,"F",274.6
"553",553,"F",297.2
"554",554,"F",242.7
"555",555,"F",297.8
"556",556,"F",234.1
"557",557,"F",278.1
"558",558,"F",266.9
"559",559,"F",217.9
"560",560,"F",218.6
"561",561,"F",288
"562",562,"F",190.1
"563",563,"F",249
"564",564,"F",266
"565",565,"F",251.5
"566",566,"F",265.2
"567",567,"F",245.6
"568",568,"F",193.5
"569",569,"F",227.1
"570",570,"F",181.5
"571",571,"F",215.9
"572",572,"F",247.5
"573",573,"F",249.6
"574",574,"F",235.9
"575",575,"F",233.8
"576",576,"F",196.5
"577",577,"F",210.2
"578",578,"F",229.8
"579",579,"F",249.7
"580",580,"F",234.1
"581",581,"F",218.6
"582",582,"F",184.1
"583",583,"F",229.5
"584",584,"F",226.2
"585",585,"F",269.8
"586",586,"F",225.3
"587",587,"F",207.1
"588",588,"F",187.4
"589",589,"F",191.3
"590",590,"F",269.2
"591",591,"F",229.7
"592",592,"F",267.3
"593",593,"F",242.4
"594",594,"F",247.6
"595",595,"F",246.5
"596",596,"F",244.6
"597",597,"F",234.9
"598",598,"F",243.1
"599",599,"F",258.4
"600",600,"F",267
"601",601,"F",260.7
"602",602,"F",215.4
"603",603,"F",211.1
"604",604,"F",269.3
"605",605,"F",216.3
"606",606,"F",297.4
"607",607,"F",207
"608",608,"F",183.1
"609",609,"F",188.1
"610",610,"F",239.7
"611",611,"F",246.9
"612",612,"F",236.1
"613",613,"F",279.1
"614",614,"F",295.6
"615",615,"F",267.9
"616",616,"F",186.4
"617",617,"F",269.1
"618",618,"F",231.6
"619",619,"F",249.8
"620",620,"F",203.3
"621",621,"F",187.4
"622",622,"F",292.8
"623",623,"F",295.1
"624",624,"F",294.2
"625",625,"F",211.2
"626",626,"F",235.6
"627",627,"F",209.7
"628",628,"F",228.8
"629",629,"F",271.6
"630",630,"F",229.8
"631",631,"F",227.2
"632",632,"F",208.9
"633",633,"F",246.8
"634",634,"F",250.5
"635",635,"F",255.8
"636",636,"F",279
"637",637,"F",277
"638",638,"F",252
"639",639,"F",228.4
"640",640,"F",250.5
"641",641,"F",244.1
"642",642,"F",206.2
"643",643,"F",241.5
"644",644,"F",253.5
"645",645,"F",290.9
"646",646,"F",278.1
"647",647,"F",259.6
"648",648,"F",267.4
"649",649,"F",272.5
"650",650,"F",197.9
"651",651,"F",268.9
"652",652,"F",203
"653",653,"F",232.4
"654",654,"F",279.2
"655",655,"F",187
"656",656,"F",190.7
"657",657,"F",244.5
"658",658,"F",237.4
"659",659,"F",239.5
"660",660,"F",208.8
"661",661,"F",285.1
"662",662,"F",263
"663",663,"F",280.1
"664",664,"F",289.2
"665",665,"F",225.3
"666",666,"F",186.3
"667",667,"F",266.3
"668",668,"F",218
"669",669,"F",276.9
"670",670,"F",244
"671",671,"F",281.1
"672",672,"F",204.2
"673",673,"F",246.7
"674",674,"F",253.2
"675",675,"F",206.5
"676",676,"F",202.9
"677",677,"F",288.4
"678",678,"F",268.1
"679",679,"F",292.7
"680",680,"F",209.5
"681",681,"F",193.9
"682",682,"F",282.9
"683",683,"F",191.8
"684",684,"F",263.7
"685",685,"F",239.5
"686",686,"F",295.2
"687",687,"F",216.6
"688",688,"F",223.3
"689",689,"F",261.1
"690",690,"F",185.2
"691",691,"F",188.4
"692",692,"F",204.5
"693",693,"F",241.3
"694",694,"F",265.4
"695",695,"F",309.3
"696",696,"F",304.8
"697",697,"F",300.1
"698",698,"F",286.1
"699",699,"F",231.4
"700",700,"F",222.6
"701",701,"F",308.1
"702",702,"F",273.9
"703",703,"F",203.7
"704",704,"F",238.3
"705",705,"F",221.1
"706",706,"F",259.3
"707",707,"F",278.3
"708",708,"F",195.1
"709",709,"F",183.7
"710",710,"F",298.3
"711",711,"F",228.6
"712",712,"F",244.7
"713",713,"F",287.8
"714",714,"F",284.7
"715",715,"F",288.2
"716",716,"F",277.2
"717",717,"F",190.2
"718",718,"F",299.7
"719",719,"F",246
"720",720,"F",275.8
"721",721,"F",191.3
"722",722,"F",237.1
"723",723,"F",245.3
"724",724,"F",197.9
"725",725,"F",200.6
"726",726,"F",265.7
"727",727,"F",291.4
"728",728,"F",229
"729",729,"F",273.6
"730",730,"F",239.8
"731",731,"F",304.1
"732",732,"F",197.4
"733",733,"F",297.4
"734",734,"F",269.9
"735",735,"F",198.9
"736",736,"F",270.6
"737",737,"F",208.4
"738",738,"F",283.7
"739",739,"F",219.8
"740",740,"F",233.2
"741",741,"F",236
"742",742,"F",221.8
"743",743,"F",271.7
"744",744,"F",200.5
"745",745,"F",239.1
"746",746,"F",283.9
"747",747,"F",241.5
"748",748,"F",195.6
"749",749,"F",262.5
"750",750,"F",179.6
"751",751,"F",297
"752",752,"F",279.9
"753",753,"F",231.8
"754",754,"F",219.5
"755",755,"F",265.9
"756",756,"F",255.9
"757",757,"F",188.3
"758",758,"F",235.2
"759",759,"F",282.5
"760",760,"F",220.1
"761",761,"F",267.4
"762",762,"F",225.6
"763",763,"F",221.7
"764",764,"F",227.6
"765",765,"F",235.5
"766",766,"F",293.6
"767",767,"F",287.5
"768",768,"F",294.7
"769",769,"F",205.8
"770",770,"F",251.7
"771",771,"F",274.2
"772",772,"F",276.4
"773",773,"F",300.4
"774",774,"F",246.2
"775",775,"F",214.6
"776",776,"F",270.3
"777",777,"F",186
"778",778,"F",245.6
"779",779,"F",280
"780",780,"F",198.4
"781",781,"F",184
"782",782,"F",249.8
"783",783,"F",190.6
"784",784,"F",227.7
"785",785,"F",268.3
"786",786,"F",243.3
"787",787,"F",196.8
"788",788,"F",262.6
"789",789,"F",196.6
"790",790,"F",214.4
"791",791,"F",195.1
"792",792,"F",254.6
"793",793,"F",208.1
"794",794,"F",213.1
"795",795,"F",209.8
"796",796,"F",199.8
"797",797,"F",192
"798",798,"F",228.6
"799",799,"F",242.3
"800",800,"F",212.7
"801",801,"F",245
"802",802,"F",288.6
"803",803,"F",258.3
"804",804,"F",227.6
"805",805,"F",272.4
"806",806,"F",304
"807",807,"F",211.2
"808",808,"F",184.2
"809",809,"F",229
"810",810,"F",225.6
"811",811,"F",203.1
"812",812,"F",204.1
"813",813,"F",261.7
"814",814,"F",251.9
"815",815,"F",186.7
"816",816,"F",248.3
"817",817,"F",273.2
"818",818,"F",252.9
"819",819,"F",232.3
"820",820,"F",207.3
"821",821,"F",265.5
"822",822,"F",247.7
"823",823,"F",190.2
"824",824,"F",222.4
"825",825,"F",254.3
"826",826,"F",223.6
"827",827,"F",257.9
"828",828,"F",191.6
"829",829,"F",249.5
"830",830,"F",229.4
"831",831,"F",279.7
"832",832,"F",213.3
"833",833,"F",260.7
"834",834,"F",284.9
"835",835,"F",209.3
"836",836,"F",205.7
"837",837,"F",219.3
"838",838,"F",247.1
"839",839,"F",296.3
"840",840,"F",241.4
"841",841,"F",209.1
"842",842,"F",267.7
"843",843,"F",185.4
"844",844,"F",274
"845",845,"F",236.1
"846",846,"F",250.5
"847",847,"F",236.5
"848",848,"F",221.5
"849",849,"F",204.7
"850",850,"F",298.5
"851",851,"F",224.4
"852",852,"F",253.1
"853",853,"F",271
"854",854,"F",202.5
"855",855,"F",220.5
"856",856,"F",222.6
"857",857,"F",194.5
"858",858,"F",214.7
"859",859,"F",280.8
"860",860,"F",235.1
"861",861,"F",296
"862",862,"F",271.5
"863",863,"F",212.4
"864",864,"F",228.4
"865",865,"F",216.1
"866",866,"F",212.5
"867",867,"F",279.1
"868",868,"F",200.7
"869",869,"F",253
"870",870,"F",199.4
"871",871,"F",297.8
"872",872,"F",267.1
"873",873,"F",264.3
"874",874,"F",228.3
"875",875,"F",195.8
"876",876,"F",218.7
"877",877,"F",199.6
"878",878,"F",230.6
"879",879,"F",212.2
"880",880,"F",202.1
"881",881,"F",310.9
"882",882,"F",262.5
"883",883,"F",229.3
"884",884,"F",309.6
"885",885,"F",256.6
"886",886,"F",232.1
"887",887,"F",234.3
"888",888,"F",229.4
"889",889,"F",277.9
"890",890,"F",180.2
"891",891,"F",246.9
"892",892,"F",267.9
"893",893,"F",205.8
"894",894,"F",258.4
"895",895,"F",219.9
"896",896,"F",224.7
"897",897,"F",191.5
"898",898,"F",254.7
"899",899,"F",231.1
"900",900,"F",219.2
"901",901,"F",217.4
"902",902,"F",233.8
"903",903,"F",243.4
"904",904,"F",245.1
"905",905,"F",208.2
"906",906,"F",223.3
"907",907,"F",229.3
"908",908,"F",267.1
"909",909,"F",293.6
"910",910,"F",235
"911",911,"F",284.7
"912",912,"F",203.7
"913",913,"F",245.5
"914",914,"F",236.7
"915",915,"F",250.8
"916",916,"F",263
"917",917,"F",267.6
"918",918,"F",198.3
"919",919,"F",240.6
"920",920,"F",245.7
"921",921,"F",193.4
"922",922,"F",218.9
"923",923,"F",219.6
"924",924,"F",227.9
"925",925,"F",206.5
"926",926,"F",303.5
"927",927,"F",246.1
"928",928,"F",278.3
"929",929,"F",306.2
"930",930,"F",262
"931",931,"F",309.3
"932",932,"F",272.3
"933",933,"F",251.5
"934",934,"F",253.1
"935",935,"F",217.3
"936",936,"F",228.9
"937",937,"F",216.4
"938",938,"F",218.8
"939",939,"F",235.8
"940",940,"F",266.9
"941",941,"F",304.4
"942",942,"F",247.3
"943",943,"F",284.2
"944",944,"F",281.3
"945",945,"F",220.7
"946",946,"F",186.9
"947",947,"F",286.1
"948",948,"F",230.3
"949",949,"F",264.8
"950",950,"F",244
"951",951,"F",260.7
"952",952,"F",258.9
"953",953,"F",191.9
"954",954,"F",212.2
"955",955,"F",192
"956",956,"F",244.1
"957",957,"F",237.8
"958",958,"F",198.7
"959",959,"F",217.6
"960",960,"F",297.7
"961",961,"F",220
"962",962,"F",205.3
"963",963,"F",247.6
"964",964,"F",273.3
"965",965,"F",268.4
"966",966,"F",295.4
"967",967,"F",245.2
"968",968,"F",265.9
"969",969,"F",240
"970",970,"F",306.5
"971",971,"F",279.6
"972",972,"F",299.5
"973",973,"F",276.8
"974",974,"F",267.6
"975",975,"F",266
"976",976,"F",252.5
"977",977,"F",182
"978",978,"F",257.4
"979",979,"F",292.2
"980",980,"F",206.3
"981",981,"F",284.5
"982",982,"F",254.7
"983",983,"F",259.4
"984",984,"F",234
"985",985,"F",284.3
"986",986,"F",294.5
"987",987,"F",254.1
"988",988,"F",189.3
"989",989,"F",196.3
"990",990,"F",239.6
"991",991,"F",243.8
"992",992,"F",308.6
"993",993,"F",271.4
"994",994,"F",263.9
"995",995,"F",270.8
"996",996,"F",181.1
"997",997,"F",196.9
"998",998,"F",225.3
"999",999,"F",186.4
"1000",1000,"F",211.4
"1001",1001,"M",100.3
"1002",1002,"M",118.3
"1003",1003,"M",122.2
"1004",1004,"M",136.8
"1005",1005,"M",100.3
"1006",1006,"M",168.7
"1007",1007,"M",175.9
"1008",1008,"M",110.3
"1009",1009,"M",159.4
"1010",1010,"M",163.6
"1011",1011,"M",101.2
"1012",1012,"M",169.3
"1013",1013,"M",154.5
"1014",1014,"M",157
"1015",1015,"M",167.3
"1016",1016,"M",87.7
"1017",1017,"M",126.8
"1018",1018,"M",150.9
"1019",1019,"M",151
"1020",1020,"M",131.3
"1021",1021,"M",107.2
"1022",1022,"M",124.1
"1023",1023,"M",125.8
"1024",1024,"M",117.4
"1025",1025,"M",161.9
"1026",1026,"M",143.9
"1027",1027,"M",133.5
"1028",1028,"M",89.1
"1029",1029,"M",102.5
"1030",1030,"M",108.5
"1031",1031,"M",126.6
"1032",1032,"M",97.5
"1033",1033,"M",123.9
"1034",1034,"M",136.1
"1035",1035,"M",98.7
"1036",1036,"M",150.8
"1037",1037,"M",104.6
"1038",1038,"M",140.3
"1039",1039,"M",161.6
"1040",1040,"M",91.8
"1041",1041,"M",97.9
"1042",1042,"M",124.7
"1043",1043,"M",141.5
"1044",1044,"M",111
"1045",1045,"M",125.6
"1046",1046,"M",156
"1047",1047,"M",111.2
"1048",1048,"M",126.2
"1049",1049,"M",99
"1050",1050,"M",176.5
"1051",1051,"M",91.8
"1052",1052,"M",108.2
"1053",1053,"M",118.1
"1054",1054,"M",135.6
"1055",1055,"M",93.8
"1056",1056,"M",157.8
"1057",1057,"M",92.8
"1058",1058,"M",109.8
"1059",1059,"M",115.8
"1060",1060,"M",165.3
"1061",1061,"M",124.7
"1062",1062,"M",166.9
"1063",1063,"M",113.8
"1064",1064,"M",150.6
"1065",1065,"M",121.2
"1066",1066,"M",128
"1067",1067,"M",173.7
"1068",1068,"M",127.9
"1069",1069,"M",99.6
"1070",1070,"M",143.7
"1071",1071,"M",111.3
"1072",1072,"M",140.4
"1073",1073,"M",158
"1074",1074,"M",126.4
"1075",1075,"M",111.9
"1076",1076,"M",145.5
"1077",1077,"M",140.7
"1078",1078,"M",152.5
"1079",1079,"M",147
"1080",1080,"M",139.6
"1081",1081,"M",159.3
"1082",1082,"M",169.4
"1083",1083,"M",119
"1084",1084,"M",157
"1085",1085,"M",160.5
"1086",1086,"M",115.2
"1087",1087,"M",139.3
"1088",1088,"M",149.2
"1089",1089,"M",162.5
"1090",1090,"M",162.6
"1091",1091,"M",144.9
"1092",1092,"M",143.6
"1093",1093,"M",96.2
"1094",1094,"M",87
"1095",1095,"M",133.2
"1096",1096,"M",100.4
"1097",1097,"M",97.9
"1098",1098,"M",128.1
"1099",1099,"M",93.8
"1100",1100,"M",151.3
"1101",1101,"M",156.2
"1102",1102,"M",115
"1103",1103,"M",163.2
"1104",1104,"M",129.8
"1105",1105,"M",101.6
"1106",1106,"M",94.5
"1107",1107,"M",125.9
"1108",1108,"M",157.1
"1109",1109,"M",145
"1110",1110,"M",135.3
"1111",1111,"M",120.3
"1112",1112,"M",105.3
"1113",1113,"M",155.7
"1114",1114,"M",113.6
"1115",1115,"M",133.7
"1116",1116,"M",124.3
"1117",1117,"M",128
"1118",1118,"M",155.4
"1119",1119,"M",159.5
"1120",1120,"M",124.8
"1121",1121,"M",165.7
"1122",1122,"M",109.6
"1123",1123,"M",107.2
"1124",1124,"M",110
"1125",1125,"M",118
"1126",1126,"M",113.5
"1127",1127,"M",116.2
"1128",1128,"M",96.2
"1129",1129,"M",121.1
"1130",1130,"M",163
"1131",1131,"M",135.8
"1132",1132,"M",131.6
"1133",1133,"M",128
"1134",1134,"M",161.2
"1135",1135,"M",98.1
"1136",1136,"M",141
"1137",1137,"M",155.8
"1138",1138,"M",129
"1139",1139,"M",143.7
"1140",1140,"M",99.5
"1141",1141,"M",139.7
"1142",1142,"M",140.3
"1143",1143,"M",140.7
"1144",1144,"M",147.9
"1145",1145,"M",130
"1146",1146,"M",110.1
"1147",1147,"M",136.1
"1148",1148,"M",132.9
"1149",1149,"M",173.5
"1150",1150,"M",129.2
"1151",1151,"M",131.4
"1152",1152,"M",96.5
"1153",1153,"M",109.9
"1154",1154,"M",178.6
"1155",1155,"M",127.8
"1156",1156,"M",153
"1157",1157,"M",89.6
"1158",1158,"M",106.4
"1159",1159,"M",136.2
"1160",1160,"M",94
"1161",1161,"M",106.5
"1162",1162,"M",131.2
"1163",1163,"M",115.9
"1164",1164,"M",130.9
"1165",1165,"M",157.3
"1166",1166,"M",166.1
"1167",1167,"M",117.6
"1168",1168,"M",138.6
"1169",1169,"M",139.3
"1170",1170,"M",144.6
"1171",1171,"M",167
"1172",1172,"M",129.9
"1173",1173,"M",120.3
"1174",1174,"M",148.3
"1175",1175,"M",91.9
"1176",1176,"M",88.2
"1177",1177,"M",97.6
"1178",1178,"M",119.6
"1179",1179,"M",162.5
"1180",1180,"M",162.4
"1181",1181,"M",112.7
"1182",1182,"M",91.7
"1183",1183,"M",152.5
"1184",1184,"M",87.2
"1185",1185,"M",142.9
"1186",1186,"M",109.2
"1187",1187,"M",110.4
"1188",1188,"M",126.8
"1189",1189,"M",177.6
"1190",1190,"M",144.3
"1191",1191,"M",129
"1192",1192,"M",173.3
"1193",1193,"M",161
"1194",1194,"M",113.5
"1195",1195,"M",167.4
"1196",1196,"M",110.3
"1197",1197,"M",109.4
"1198",1198,"M",100
"1199",1199,"M",126.9
"1200",1200,"M",126.7
"1201",1201,"M",146.3
"1202",1202,"M",92.8
"1203",1203,"M",137.8
"1204",1204,"M",102.6
"1205",1205,"M",125.4
"1206",1206,"M",144.8
"1207",1207,"M",117.5
"1208",1208,"M",140.4
"1209",1209,"M",100.5
"1210",1210,"M",170.6
"1211",1211,"M",145.6
"1212",1212,"M",133.9
"1213",1213,"M",100.4
"1214",1214,"M",137.9
"1215",1215,"M",127.6
"1216",1216,"M",141.7
"1217",1217,"M",112.4
"1218",1218,"M",96
"1219",1219,"M",103.5
"1220",1220,"M",134.3
"1221",1221,"M",104.8
"1222",1222,"M",91.1
"1223",1223,"M",107.2
"1224",1224,"M",113.1
"1225",1225,"M",147.4
"1226",1226,"M",146.9
"1227",1227,"M",125.8
"1228",1228,"M",113.5
"1229",1229,"M",95.3
"1230",1230,"M",128.6
"1231",1231,"M",96.1
"1232",1232,"M",141.4
"1233",1233,"M",139.3
"1234",1234,"M",130.5
"1235",1235,"M",131.2
"1236",1236,"M",111.3
"1237",1237,"M",121.2
"1238",1238,"M",135.4
"1239",1239,"M",168.3
"1240",1240,"M",116.4
"1241",1241,"M",139.5
"1242",1242,"M",90.3
"1243",1243,"M",139.5
"1244",1244,"M",136.8
"1245",1245,"M",132.2
"1246",1246,"M",149.7
"1247",1247,"M",117.7
"1248",1248,"M",89.4
"1249",1249,"M",148
"1250",1250,"M",144.5
"1251",1251,"M",124.2
"1252",1252,"M",122.2
"1253",1253,"M",114.2
"1254",1254,"M",145.6
"1255",1255,"M",156.4
"1256",1256,"M",126.7
"1257",1257,"M",93.5
"1258",1258,"M",115.8
"1259",1259,"M",166.5
"1260",1260,"M",111.3
"1261",1261,"M",129.8
"1262",1262,"M",129.3
"1263",1263,"M",103
"1264",1264,"M",132.5
"1265",1265,"M",99.3
"1266",1266,"M",145.3
"1267",1267,"M",158.9
"1268",1268,"M",102.1
"1269",1269,"M",122.1
"1270",1270,"M",154.6
"1271",1271,"M",160.4
"1272",1272,"M",144.7
"1273",1273,"M",130.4
"1274",1274,"M",178
"1275",1275,"M",162.5
"1276",1276,"M",118.7
"1277",1277,"M",142.6
"1278",1278,"M",113.8
"1279",1279,"M",125.4
"1280",1280,"M",116.1
"1281",1281,"M",132.9
"1282",1282,"M",177.4
"1283",1283,"M",141.1
"1284",1284,"M",126.4
"1285",1285,"M",139.5
"1286",1286,"M",142.2
"1287",1287,"M",90.3
"1288",1288,"M",123.1
"1289",1289,"M",126.1
"1290",1290,"M",103.5
"1291",1291,"M",158.8
"1292",1292,"M",134.8
"1293",1293,"M",145.9
"1294",1294,"M",138
"1295",1295,"M",134.6
"1296",1296,"M",177.5
"1297",1297,"M",99
"1298",1298,"M",170.9
"1299",1299,"M",170.9
"1300",1300,"M",145.7
"1301",1301,"M",91.2
"1302",1302,"M",137.3
"1303",1303,"M",162.7
"1304",1304,"M",119.7
"1305",1305,"M",119.2
"1306",1306,"M",113.9
"1307",1307,"M",132.9
"1308",1308,"M",122.2
"1309",1309,"M",112.9
"1310",1310,"M",144.8
"1311",1311,"M",104.5
"1312",1312,"M",111.3
"1313",1313,"M",140.4
"1314",1314,"M",90.7
"1315",1315,"M",128.8
"1316",1316,"M",167.4
"1317",1317,"M",152.2
"1318",1318,"M",140.9
"1319",1319,"M",156.2
"1320",1320,"M",142.1
"1321",1321,"M",144.8
"1322",1322,"M",103.4
"1323",1323,"M",152.3
"1324",1324,"M",130.8
"1325",1325,"M",134.5
"1326",1326,"M",139.1
"1327",1327,"M",109.3
"1328",1328,"M",144.7
"1329",1329,"M",117.4
"1330",1330,"M",160.7
"1331",1331,"M",118.1
"1332",1332,"M",98.6
"1333",1333,"M",118.4
"1334",1334,"M",117.5
"1335",1335,"M",168.7
"1336",1336,"M",100.9
"1337",1337,"M",138
"1338",1338,"M",146.3
"1339",1339,"M",103
"1340",1340,"M",130.8
"1341",1341,"M",117.8
"1342",1342,"M",157.4
"1343",1343,"M",116
"1344",1344,"M",123
"1345",1345,"M",110.5
"1346",1346,"M",126.6
"1347",1347,"M",126.3
"1348",1348,"M",168.6
"1349",1349,"M",145.6
"1350",1350,"M",127.5
"1351",1351,"M",141.2
"1352",1352,"M",164.1
"1353",1353,"M",122.7
"1354",1354,"M",156.1
"1355",1355,"M",157.5
"1356",1356,"M",163.2
"1357",1357,"M",136
"1358",1358,"M",142.9
"1359",1359,"M",87.2
"1360",1360,"M",104.7
"1361",1361,"M",126.3
"1362",1362,"M",150.6
"1363",1363,"M",147.2
"1364",1364,"M",165.9
"1365",1365,"M",125.4
"1366",1366,"M",115.7
"1367",1367,"M",125.4
"1368",1368,"M",101.7
"1369",1369,"M",119.8
"1370",1370,"M",137.1
"1371",1371,"M",128.4
"1372",1372,"M",97.7
"1373",1373,"M",168.3
"1374",1374,"M",107.4
"1375",1375,"M",125.8
"1376",1376,"M",107.8
"1377",1377,"M",124.7
"1378",1378,"M",111.6
"1379",1379,"M",101.7
"1380",1380,"M",147.2
"1381",1381,"M",160.9
"1382",1382,"M",133.1
"1383",1383,"M",111.7
"1384",1384,"M",112.4
"1385",1385,"M",170.6
"1386",1386,"M",92.6
"1387",1387,"M",143.8
"1388",1388,"M",124.2
"1389",1389,"M",88.8
"1390",1390,"M",158.2
"1391",1391,"M",145.7
"1392",1392,"M",143
"1393",1393,"M",122
"1394",1394,"M",137.2
"1395",1395,"M",159.9
"1396",1396,"M",148.4
"1397",1397,"M",154.7
"1398",1398,"M",171.8
"1399",1399,"M",106.9
"1400",1400,"M",103.3
"1401",1401,"M",120.9
"1402",1402,"M",101.8
"1403",1403,"M",134.8
"1404",1404,"M",144.4
"1405",1405,"M",100.2
"1406",1406,"M",121.9
"1407",1407,"M",133.6
"1408",1408,"M",152.5
"1409",1409,"M",145.3
"1410",1410,"M",168.8
"1411",1411,"M",165
"1412",1412,"M",124.9
"1413",1413,"M",141.3
"1414",1414,"M",114.5
"1415",1415,"M",118.8
"1416",1416,"M",98.7
"1417",1417,"M",115.6
"1418",1418,"M",120.7
"1419",1419,"M",171.7
"1420",1420,"M",93.7
"1421",1421,"M",91
"1422",1422,"M",122
"1423",1423,"M",128
"1424",1424,"M",160.7
"1425",1425,"M",94
"1426",1426,"M",164.3
"1427",1427,"M",112.3
"1428",1428,"M",108.6
"1429",1429,"M",138.2
"1430",1430,"M",128.9
"1431",1431,"M",115
"1432",1432,"M",115.5
"1433",1433,"M",135.4
"1434",1434,"M",155.9
"1435",1435,"M",150.3
"1436",1436,"M",112.2
"1437",1437,"M",117.1
"1438",1438,"M",140.4
"1439",1439,"M",134.8
"1440",1440,"M",145.3
"1441",1441,"M",112.1
"1442",1442,"M",101.9
"1443",1443,"M",159.8
"1444",1444,"M",175
"1445",1445,"M",131
"1446",1446,"M",176.5
"1447",1447,"M",107.2
"1448",1448,"M",104
"1449",1449,"M",94.5
"1450",1450,"M",101.3
"1451",1451,"M",167.4
"1452",1452,"M",92.4
"1453",1453,"M",94.4
"1454",1454,"M",123.5
"1455",1455,"M",172.3
"1456",1456,"M",145.8
"1457",1457,"M",111.7
"1458",1458,"M",134.4
"1459",1459,"M",160.4
"1460",1460,"M",153
"1461",1461,"M",109.1
"1462",1462,"M",119.9
"1463",1463,"M",137.1
"1464",1464,"M",110.1
"1465",1465,"M",99.4
"1466",1466,"M",159.9
"1467",1467,"M",139.2
"1468",1468,"M",165.6
"1469",1469,"M",104.2
"1470",1470,"M",176.1
"1471",1471,"M",157.8
"1472",1472,"M",154.3
"1473",1473,"M",98.9
"1474",1474,"M",150.8
"1475",1475,"M",115.1
"1476",1476,"M",126.1
"1477",1477,"M",96.5
"1478",1478,"M",151.9
"1479",1479,"M",155.8
"1480",1480,"M",105.5
"1481",1481,"M",132.1
"1482",1482,"M",154.6
"1483",1483,"M",107.9
"1484",1484,"M",108
"1485",1485,"M",136.9
"1486",1486,"M",88.6
"1487",1487,"M",109.2
"1488",1488,"M",99.4
"1489",1489,"M",124.6
"1490",1490,"M",171.9
"1491",1491,"M",112.7
"1492",1492,"M",93.1
"1493",1493,"M",87.8
"1494",1494,"M",134.4
"1495",1495,"M",113
"1496",1496,"M",154.6
"1497",1497,"M",102.4
"1498",1498,"M",141.6
"1499",1499,"M",161.7
"1500",1500,"M",138.2
"1501",1501,"M",126.4
"1502",1502,"M",170.5
"1503",1503,"M",143.2
"1504",1504,"M",139.2
"1505",1505,"M",158.1
"1506",1506,"M",115.9
"1507",1507,"M",109.6
"1508",1508,"M",176.6
"1509",1509,"M",148.7
"1510",1510,"M",154.1
"1511",1511,"M",88.6
"1512",1512,"M",104.7
"1513",1513,"M",155.3
"1514",1514,"M",100.1
"1515",1515,"M",113.4
"1516",1516,"M",115.1
"1517",1517,"M",131.3
"1518",1518,"M",122.3
"1519",1519,"M",134.5
"1520",1520,"M",130.9
"1521",1521,"M",158.8
"1522",1522,"M",130.2
"1523",1523,"M",120
"1524",1524,"M",128.5
"1525",1525,"M",112.9
"1526",1526,"M",122.5
"1527",1527,"M",127.8
"1528",1528,"M",133.2
"1529",1529,"M",157.9
"1530",1530,"M",149.5
"1531",1531,"M",146.1
"1532",1532,"M",101.5
"1533",1533,"M",91.5
"1534",1534,"M",141.9
"1535",1535,"M",173.7
"1536",1536,"M",122.6
"1537",1537,"M",123.6
"1538",1538,"M",177.5
"1539",1539,"M",126.1
"1540",1540,"M",147.9
"1541",1541,"M",131
"1542",1542,"M",123
"1543",1543,"M",108
"1544",1544,"M",156
"1545",1545,"M",97
"1546",1546,"M",150.9
"1547",1547,"M",124.8
"1548",1548,"M",151.9
"1549",1549,"M",147.8
"1550",1550,"M",155.4
"1551",1551,"M",153
"1552",1552,"M",140.4
"1553",1553,"M",134.2
"1554",1554,"M",120.5
"1555",1555,"M",112.6
"1556",1556,"M",148.8
"1557",1557,"M",124.6
"1558",1558,"M",140.4
"1559",1559,"M",125.2
"1560",1560,"M",97.3
"1561",1561,"M",125.9
"1562",1562,"M",179
"1563",1563,"M",115
"1564",1564,"M",104.7
"1565",1565,"M",154.5
"1566",1566,"M",143.2
"1567",1567,"M",156.8
"1568",1568,"M",153.1
"1569",1569,"M",89
"1570",1570,"M",125.2
"1571",1571,"M",119.7
"1572",1572,"M",118.5
"1573",1573,"M",176.7
"1574",1574,"M",90.8
"1575",1575,"M",117.2
"1576",1576,"M",131
"1577",1577,"M",119.8
"1578",1578,"M",136.1
"1579",1579,"M",105.8
"1580",1580,"M",142.1
"1581",1581,"M",148.5
"1582",1582,"M",148.3
"1583",1583,"M",118.4
"1584",1584,"M",142.3
"1585",1585,"M",105.4
"1586",1586,"M",154.7
"1587",1587,"M",151.2
"1588",1588,"M",130.8
"1589",1589,"M",112.3
"1590",1590,"M",115.9
"1591",1591,"M",104.2
"1592",1592,"M",93.3
"1593",1593,"M",94.2
"1594",1594,"M",100.7
"1595",1595,"M",107
"1596",1596,"M",135.2
"1597",1597,"M",148.6
"1598",1598,"M",101.6
"1599",1599,"M",106.5
"1600",1600,"M",164.3
"1601",1601,"M",109
"1602",1602,"M",119
"1603",1603,"M",173.2
"1604",1604,"M",141.1
"1605",1605,"M",156.6
"1606",1606,"M",106.8
"1607",1607,"M",110.2
"1608",1608,"M",122.5
"1609",1609,"M",143.6
"1610",1610,"M",102.8
"1611",1611,"M",147.1
"1612",1612,"M",142.6
"1613",1613,"M",123.3
"1614",1614,"M",135
"1615",1615,"M",148.8
"1616",1616,"M",169.2
"1617",1617,"M",111.1
"1618",1618,"M",118.8
"1619",1619,"M",98.1
"1620",1620,"M",115.3
"1621",1621,"M",150.8
"1622",1622,"M",102.1
"1623",1623,"M",89.6
"1624",1624,"M",144.2
"1625",1625,"M",114.3
"1626",1626,"M",121.1
"1627",1627,"M",95.8
"1628",1628,"M",174
"1629",1629,"M",111.7
"1630",1630,"M",177.3
"1631",1631,"M",148.7
"1632",1632,"M",128
"1633",1633,"M",89.1
"1634",1634,"M",104.1
"1635",1635,"M",142.8
"1636",1636,"M",133.9
"1637",1637,"M",108.7
"1638",1638,"M",129.1
"1639",1639,"M",165.5
"1640",1640,"M",168.3
"1641",1641,"M",110.7
"1642",1642,"M",174.2
"1643",1643,"M",136.5
"1644",1644,"M",145.2
"1645",1645,"M",89.9
"1646",1646,"M",113.3
"1647",1647,"M",155.8
"1648",1648,"M",108.6
"1649",1649,"M",156
"1650",1650,"M",136.5
"1651",1651,"M",165.1
"1652",1652,"M",141.8
"1653",1653,"M",112.8
"1654",1654,"M",178.1
"1655",1655,"M",110
"1656",1656,"M",150.4
"1657",1657,"M",145.5
"1658",1658,"M",120.9
"1659",1659,"M",118.9
"1660",1660,"M",168.6
"1661",1661,"M",106.2
"1662",1662,"M",140.8
"1663",1663,"M",104.2
"1664",1664,"M",110.9
"1665",1665,"M",88.8
"1666",1666,"M",130.9
"1667",1667,"M",99.9
"1668",1668,"M",87
"1669",1669,"M",142.4
"1670",1670,"M",143.7
"1671",1671,"M",95.3
"1672",1672,"M",135.8
"1673",1673,"M",119.8
"1674",1674,"M",87.5
"1675",1675,"M",146.5
"1676",1676,"M",96.1
"1677",1677,"M",102
"1678",1678,"M",160.9
"1679",1679,"M",142.5
"1680",1680,"M",113.2
"1681",1681,"M",108.4
"1682",1682,"M",91.7
"1683",1683,"M",123.7
"1684",1684,"M",131.9
"1685",1685,"M",117.7
"1686",1686,"M",109.4
"1687",1687,"M",102.1
"1688",1688,"M",147.7
"1689",1689,"M",117.8
"1690",1690,"M",127.5
"1691",1691,"M",116.5
"1692",1692,"M",148
"1693",1693,"M",117
"1694",1694,"M",178.1
"1695",1695,"M",99.2
"1696",1696,"M",163.1
"1697",1697,"M",139.9
"1698",1698,"M",142
"1699",1699,"M",147.5
"1700",1700,"M",108.8
"1701",1701,"M",129.7
"1702",1702,"M",113.6
"1703",1703,"M",165.7
"1704",1704,"M",102
"1705",1705,"M",126.4
"1706",1706,"M",132.1
"1707",1707,"M",128.9
"1708",1708,"M",173.8
"1709",1709,"M",166.7
"1710",1710,"M",131.7
"1711",1711,"M",139.9
"1712",1712,"M",130.5
"1713",1713,"M",109.9
"1714",1714,"M",146.7
"1715",1715,"M",176.9
"1716",1716,"M",124.3
"1717",1717,"M",98.1
"1718",1718,"M",152.6
"1719",1719,"M",96.5
"1720",1720,"M",169.3
"1721",1721,"M",149.5
"1722",1722,"M",152.9
"1723",1723,"M",166.5
"1724",1724,"M",163.8
"1725",1725,"M",106.1
"1726",1726,"M",88
"1727",1727,"M",164.1
"1728",1728,"M",110.6
"1729",1729,"M",126
"1730",1730,"M",166.9
"1731",1731,"M",173
"1732",1732,"M",152.3
"1733",1733,"M",121.1
"1734",1734,"M",149.2
"1735",1735,"M",170.1
"1736",1736,"M",139.8
"1737",1737,"M",94.8
"1738",1738,"M",120.1
"1739",1739,"M",125.1
"1740",1740,"M",113.5
"1741",1741,"M",174.6
"1742",1742,"M",124.4
"1743",1743,"M",137.8
"1744",1744,"M",132.9
"1745",1745,"M",146.7
"1746",1746,"M",145.2
"1747",1747,"M",148.5
"1748",1748,"M",128.8
"1749",1749,"M",128.7
"1750",1750,"M",170.1
"1751",1751,"M",165.8
"1752",1752,"M",160.2
"1753",1753,"M",122.6
"1754",1754,"M",111.1
"1755",1755,"M",97.1
"1756",1756,"M",121.1
"1757",1757,"M",137.2
"1758",1758,"M",169.3
"1759",1759,"M",142.2
"1760",1760,"M",141.5
"1761",1761,"M",167.7
"1762",1762,"M",151.6
"1763",1763,"M",134.6
"1764",1764,"M",150.5
"1765",1765,"M",131.7
"1766",1766,"M",110.4
"1767",1767,"M",90.7
"1768",1768,"M",126
"1769",1769,"M",126.2
"1770",1770,"M",113.7
"1771",1771,"M",109.7
"1772",1772,"M",168.2
"1773",1773,"M",110.6
"1774",1774,"M",124.2
"1775",1775,"M",148.8
"1776",1776,"M",160.5
"1777",1777,"M",158.7
"1778",1778,"M",142.3
"1779",1779,"M",148.1
"1780",1780,"M",102.7
"1781",1781,"M",145.5
"1782",1782,"M",135.8
"1783",1783,"M",163.7
"1784",1784,"M",97.7
"1785",1785,"M",93.2
"1786",1786,"M",136.9
"1787",1787,"M",143
"1788",1788,"M",140.8
"1789",1789,"M",108.8
"1790",1790,"M",129.9
"1791",1791,"M",162.6
"1792",1792,"M",93.4
"1793",1793,"M",138.7
"1794",1794,"M",120
"1795",1795,"M",113.9
"1796",1796,"M",165.5
"1797",1797,"M",137.2
"1798",1798,"M",156.9
"1799",1799,"M",141.5
"1800",1800,"M",105.7
"1801",1801,"M",160.7
"1802",1802,"M",144.6
"1803",1803,"M",102
"1804",1804,"M",161.2
"1805",1805,"M",166
"1806",1806,"M",87.6
"1807",1807,"M",112.6
"1808",1808,"M",110.7
"1809",1809,"M",133.1
"1810",1810,"M",128.6
"1811",1811,"M",173.9
"1812",1812,"M",123.3
"1813",1813,"M",92.9
"1814",1814,"M",126.8
"1815",1815,"M",118.4
"1816",1816,"M",126.6
"1817",1817,"M",134.8
"1818",1818,"M",141.1
"1819",1819,"M",134.9
"1820",1820,"M",120
"1821",1821,"M",122.5
"1822",1822,"M",109.8
"1823",1823,"M",125.8
"1824",1824,"M",137.9
"1825",1825,"M",141.9
"1826",1826,"M",115
"1827",1827,"M",112
"1828",1828,"M",146.6
"1829",1829,"M",115.1
"1830",1830,"M",117.8
"1831",1831,"M",132.9
"1832",1832,"M",116
"1833",1833,"M",134.3
"1834",1834,"M",149.8
"1835",1835,"M",90
"1836",1836,"M",142.3
"1837",1837,"M",101.8
"1838",1838,"M",138.3
"1839",1839,"M",141.3
"1840",1840,"M",128.5
"1841",1841,"M",168.5
"1842",1842,"M",103.4
"1843",1843,"M",175.1
"1844",1844,"M",122.2
"1845",1845,"M",146.4
"1846",1846,"M",171.5
"1847",1847,"M",141.1
"1848",1848,"M",119.7
"1849",1849,"M",100
"1850",1850,"M",107
"1851",1851,"M",128.6
"1852",1852,"M",101
"1853",1853,"M",126.4
"1854",1854,"M",88.2
"1855",1855,"M",117.2
"1856",1856,"M",88.5
"1857",1857,"M",117.4
"1858",1858,"M",91.3
"1859",1859,"M",136.8
"1860",1860,"M",148.2
"1861",1861,"M",107.7
"1862",1862,"M",118
"1863",1863,"M",169.1
"1864",1864,"M",113.8
"1865",1865,"M",143
"1866",1866,"M",134.8
"1867",1867,"M",150.5
"1868",1868,"M",94.8
"1869",1869,"M",157.5
"1870",1870,"M",112.8
"1871",1871,"M",91.9
"1872",1872,"M",150
"1873",1873,"M",161.8
"1874",1874,"M",134.8
"1875",1875,"M",95.7
"1876",1876,"M",176.1
"1877",1877,"M",113
"1878",1878,"M",103.7
"1879",1879,"M",90
"1880",1880,"M",88.2
"1881",1881,"M",132.8
"1882",1882,"M",139.8
"1883",1883,"M",120.2
"1884",1884,"M",152.4
"1885",1885,"M",141.2
"1886",1886,"M",116.6
"1887",1887,"M",138.4
"1888",1888,"M",148.5
"1889",1889,"M",156.4
"1890",1890,"M",112.5
"1891",1891,"M",163.4
"1892",1892,"M",136.7
"1893",1893,"M",176.7
"1894",1894,"M",131.4
"1895",1895,"M",123.7
"1896",1896,"M",143.2
"1897",1897,"M",109.7
"1898",1898,"M",118.5
"1899",1899,"M",103.5
"1900",1900,"M",120.6
"1901",1901,"M",131.4
"1902",1902,"M",156.2
"1903",1903,"M",148.4
"1904",1904,"M",136.1
"1905",1905,"M",116.9
"1906",1906,"M",153.6
"1907",1907,"M",153.3
"1908",1908,"M",119.6
"1909",1909,"M",110.4
"1910",1910,"M",127.7
"1911",1911,"M",135.7
"1912",1912,"M",101.9
"1913",1913,"M",155.3
"1914",1914,"M",101.3
"1915",1915,"M",113.7
"1916",1916,"M",102.1
"1917",1917,"M",118.6
"1918",1918,"M",111.1
"1919",1919,"M",159.1
"1920",1920,"M",94.7
"1921",1921,"M",106.9
"1922",1922,"M",152.9
"1923",1923,"M",115
"1924",1924,"M",88.6
"1925",1925,"M",129.1
"1926",1926,"M",105.5
"1927",1927,"M",101.8
"1928",1928,"M",90.2
"1929",1929,"M",116
"1930",1930,"M",98
"1931",1931,"M",135.7
"1932",1932,"M",119
"1933",1933,"M",140.8
"1934",1934,"M",147.8
"1935",1935,"M",142.9
"1936",1936,"M",129.8
"1937",1937,"M",88.6
"1938",1938,"M",111
"1939",1939,"M",91.1
"1940",1940,"M",152.2
"1941",1941,"M",147.9
"1942",1942,"M",113.5
"1943",1943,"M",127.1
"1944",1944,"M",143
"1945",1945,"M",87.8
"1946",1946,"M",161.8
"1947",1947,"M",129.6
"1948",1948,"M",167.5
"1949",1949,"M",148.5
"1950",1950,"M",90.4
"1951",1951,"M",98.8
"1952",1952,"M",102.2
"1953",1953,"M",99.7
"1954",1954,"M",103.2
"1955",1955,"M",129.2
"1956",1956,"M",89.7
"1957",1957,"M",146.9
"1958",1958,"M",139.8
"1959",1959,"M",158.9
"1960",1960,"M",123.6
"1961",1961,"M",101.6
"1962",1962,"M",110.3
"1963",1963,"M",170.6
"1964",1964,"M",163.4
"1965",1965,"M",146.7
"1966",1966,"M",161.3
"1967",1967,"M",167.7
"1968",1968,"M",95
"1969",1969,"M",132.6
"1970",1970,"M",119.5
"1971",1971,"M",129.4
"1972",1972,"M",137.1
"1973",1973,"M",108.8
"1974",1974,"M",126.8
"1975",1975,"M",156.7
"1976",1976,"M",134.4
"1977",1977,"M",127.3
"1978",1978,"M",137.9
"1979",1979,"M",134
"1980",1980,"M",88.1
"1981",1981,"M",156.4
"1982",1982,"M",135.1
"1983",1983,"M",118.7
"1984",1984,"M",98.5
"1985",1985,"M",152.7
"1986",1986,"M",125.6
"1987",1987,"M",116.5
"1988",1988,"M",95.7
"1989",1989,"M",125.5
"1990",1990,"M",129.4
"1991",1991,"M",127.7
"1992",1992,"M",88.8
"1993",1993,"M",107.5
"1994",1994,"M",136
"1995",1995,"M",128.8
"1996",1996,"M",144.3
"1997",1997,"M",140.7
"1998",1998,"M",157
"1999",1999,"M",129.6
"2000",2000,"M",106.7
